Instance,Config,Solver_Cmax,Verified_Cmax,Feasible,Overhead_vs_nonSDST(%),Improvement(%),Time(s),Errors
fjsp.brandimarte.Mk01.m6j10c3.txt,1M iters / top-K=8 / single critical path (Shen2018 tabu) / zero-copy rollback,47,47,OK,17.5,37.33,6.56,
fjsp.brandimarte.Mk02.m6j10c6.txt,1M iters / top-K=8 / single critical path (Shen2018 tabu) / zero-copy rollback,36,36,OK,38.46,30.77,9.78,
fjsp.brandimarte.Mk03.m8j15c5.txt,1M iters / top-K=8 / single critical path (Shen2018 tabu) / zero-copy rollback,219,219,OK,7.35,28.43,13.87,
fjsp.brandimarte.Mk04.m8j15c3.txt,1M iters / top-K=8 / single critical path (Shen2018 tabu) / zero-copy rollback,73,73,OK,21.67,48.59,11.2,
fjsp.brandimarte.Mk05.m4j15c2.txt,1M iters / top-K=8 / single critical path (Shen2018 tabu) / zero-copy rollback,205,205,OK,18.5,26.79,17.19,
fjsp.brandimarte.Mk06.m15j10c5.txt,1M iters / top-K=8 / single critical path (Shen2018 tabu) / zero-copy rollback,77,77,OK,28.33,42.54,19.23,
fjsp.brandimarte.Mk07.m5j20c5.txt,1M iters / top-K=8 / single critical path (Shen2018 tabu) / zero-copy rollback,171,171,OK,19.58,33.98,23.68,
fjsp.brandimarte.Mk08.m10j20c2.txt,1M iters / top-K=8 / single critical path (Shen2018 tabu) / zero-copy rollback,604,604,OK,15.49,21.86,20.59,
fjsp.brandimarte.Mk09.m10j20c5.txt,1M iters / top-K=8 / single critical path (Shen2018 tabu) / zero-copy rollback,340,340,OK,10.75,38.74,22.9,
fjsp.brandimarte.Mk10.m15j20c5.txt,1M iters / top-K=8 / single critical path (Shen2018 tabu) / zero-copy rollback,257,257,OK,26.6,39.53,28.26,
fjsp.dauzere.01a.m5j10c3.txt,1M iters / top-K=8 / single critical path (Shen2018 tabu) / zero-copy rollback,2932,2932,OK,13.42,32.54,19.04,
fjsp.dauzere.02a.m5j10c4.txt,1M iters / top-K=8 / single critical path (Shen2018 tabu) / zero-copy rollback,2634,2634,OK,16.86,36.27,27.0,
fjsp.dauzere.03a.m5j10c5.txt,1M iters / top-K=8 / single critical path (Shen2018 tabu) / zero-copy rollback,2599,2599,OK,16.18,27.3,36.38,
fjsp.dauzere.04a.m5j10c3.txt,1M iters / top-K=8 / single critical path (Shen2018 tabu) / zero-copy rollback,2952,2952,OK,15.09,33.57,19.22,
fjsp.dauzere.05a.m5j10c4.txt,1M iters / top-K=8 / single critical path (Shen2018 tabu) / zero-copy rollback,2628,2628,OK,16.85,33.47,26.01,
fjsp.dauzere.06a.m5j10c5.txt,1M iters / top-K=8 / single critical path (Shen2018 tabu) / zero-copy rollback,2549,2549,OK,14.77,28.96,38.03,
fjsp.dauzere.07a.m8j15c4.txt,1M iters / top-K=8 / single critical path (Shen2018 tabu) / zero-copy rollback,2741,2741,OK,11.92,40.31,26.04,
fjsp.dauzere.08a.m8j15c6.txt,1M iters / top-K=8 / single critical path (Shen2018 tabu) / zero-copy rollback,2465,2465,OK,15.84,33.18,37.98,
fjsp.dauzere.09a.m8j15c8.txt,1M iters / top-K=8 / single critical path (Shen2018 tabu) / zero-copy rollback,2400,2400,OK,14.23,19.27,56.44,
fjsp.dauzere.10a.m8j15c4.txt,1M iters / top-K=8 / single critical path (Shen2018 tabu) / zero-copy rollback,2774,2774,OK,12.54,36.54,26.8,
fjsp.dauzere.11a.m8j15c6.txt,1M iters / top-K=8 / single critical path (Shen2018 tabu) / zero-copy rollback,2437,2437,OK,15.5,29.91,38.09,
fjsp.dauzere.12a.m8j15c8.txt,1M iters / top-K=8 / single critical path (Shen2018 tabu) / zero-copy rollback,2362,2362,OK,14.05,18.35,55.01,
fjsp.dauzere.13a.m10j20c4.txt,1M iters / top-K=8 / single critical path (Shen2018 tabu) / zero-copy rollback,2819,2819,OK,16.68,38.14,34.49,
fjsp.dauzere.14a.m10j20c7.txt,1M iters / top-K=8 / single critical path (Shen2018 tabu) / zero-copy rollback,2590,2590,OK,16.72,26.73,51.8,
fjsp.dauzere.15a.m10j20c10.txt,1M iters / top-K=8 / single critical path (Shen2018 tabu) / zero-copy rollback,2547,2547,OK,15.41,12.74,60.0,
fjsp.dauzere.16a.m10j20c4.txt,1M iters / top-K=8 / single critical path (Shen2018 tabu) / zero-copy rollback,2780,2780,OK,17.3,38.83,260.89,
fjsp.dauzere.17a.m10j20c7.txt,1M iters / top-K=8 / single critical path (Shen2018 tabu) / zero-copy rollback,2525,2525,OK,14.2,26.1,57.43,
fjsp.dauzere.18a.m10j20c10.txt,1M iters / top-K=8 / single critical path (Shen2018 tabu) / zero-copy rollback,2494,2494,OK,14.67,14.56,60.0,
fjsp.hurink.edata-la01.m5j10c2.txt,1M iters / top-K=8 / single critical path (Shen2018 tabu) / zero-copy rollback,686,686,OK,12.64,30.78,6.32,
fjsp.hurink.edata-la02.m5j10c2.txt,1M iters / top-K=8 / single critical path (Shen2018 tabu) / zero-copy rollback,725,725,OK,10.69,39.02,6.57,
fjsp.hurink.edata-la03.m5j10c2.txt,1M iters / top-K=8 / single critical path (Shen2018 tabu) / zero-copy rollback,625,625,OK,13.64,31.02,6.67,
fjsp.hurink.edata-la04.m5j10c2.txt,1M iters / top-K=8 / single critical path (Shen2018 tabu) / zero-copy rollback,653,653,OK,14.96,37.93,6.79,
fjsp.hurink.edata-la05.m5j10c2.txt,1M iters / top-K=8 / single critical path (Shen2018 tabu) / zero-copy rollback,575,575,OK,14.31,25.9,6.65,
fjsp.hurink.edata-la06.m5j15c2.txt,1M iters / top-K=8 / single critical path (Shen2018 tabu) / zero-copy rollback,914,914,OK,9.72,34.1,9.65,
fjsp.hurink.edata-la07.m5j15c2.txt,1M iters / top-K=8 / single critical path (Shen2018 tabu) / zero-copy rollback,867,867,OK,13.78,29.97,9.36,
fjsp.hurink.edata-la08.m5j15c2.txt,1M iters / top-K=8 / single critical path (Shen2018 tabu) / zero-copy rollback,905,905,OK,7.1,35.26,8.91,
fjsp.hurink.edata-la09.m5j15c2.txt,1M iters / top-K=8 / single critical path (Shen2018 tabu) / zero-copy rollback,984,984,OK,12.07,26.18,9.06,
fjsp.hurink.edata-la10.m5j15c2.txt,1M iters / top-K=8 / single critical path (Shen2018 tabu) / zero-copy rollback,934,934,OK,7.85,36.29,10.44,
fjsp.hurink.edata-la11.m5j20c2.txt,1M iters / top-K=8 / single critical path (Shen2018 tabu) / zero-copy rollback,1239,1239,OK,12.03,35.64,12.02,
fjsp.hurink.edata-la12.m5j20c2.txt,1M iters / top-K=8 / single critical path (Shen2018 tabu) / zero-copy rollback,1068,1068,OK,11.25,31.41,12.03,
fjsp.hurink.edata-la13.m5j20c2.txt,1M iters / top-K=8 / single critical path (Shen2018 tabu) / zero-copy rollback,1198,1198,OK,13.77,34.78,11.66,
fjsp.hurink.edata-la14.m5j20c2.txt,1M iters / top-K=8 / single critical path (Shen2018 tabu) / zero-copy rollback,1239,1239,OK,10.33,26.73,13.01,
fjsp.hurink.edata-la15.m5j20c2.txt,1M iters / top-K=8 / single critical path (Shen2018 tabu) / zero-copy rollback,1262,1262,OK,13.59,35.45,13.09,
fjsp.hurink.edata-la16.m10j10c2.txt,1M iters / top-K=8 / single critical path (Shen2018 tabu) / zero-copy rollback,1004,1004,OK,11.06,33.2,9.88,
fjsp.hurink.edata-la17.m10j10c2.txt,1M iters / top-K=8 / single critical path (Shen2018 tabu) / zero-copy rollback,793,793,OK,9.99,37.85,10.1,
fjsp.hurink.edata-la18.m10j10c2.txt,1M iters / top-K=8 / single critical path (Shen2018 tabu) / zero-copy rollback,932,932,OK,10.69,31.42,9.74,
fjsp.hurink.edata-la19.m10j10c2.txt,1M iters / top-K=8 / single critical path (Shen2018 tabu) / zero-copy rollback,899,899,OK,12.52,31.69,10.25,
fjsp.hurink.edata-la20.m10j10c2.txt,1M iters / top-K=8 / single critical path (Shen2018 tabu) / zero-copy rollback,928,928,OK,7.41,38.83,9.75,
fjsp.hurink.edata-la21.m10j15c3.txt,1M iters / top-K=8 / single critical path (Shen2018 tabu) / zero-copy rollback,1175,1175,OK,12.66,29.72,15.1,
fjsp.hurink.edata-la22.m10j15c3.txt,1M iters / top-K=8 / single critical path (Shen2018 tabu) / zero-copy rollback,994,994,OK,11.69,41.67,14.96,
fjsp.hurink.edata-la23.m10j15c2.txt,1M iters / top-K=8 / single critical path (Shen2018 tabu) / zero-copy rollback,1092,1092,OK,13.99,38.55,14.9,
fjsp.hurink.edata-la24.m10j15c3.txt,1M iters / top-K=8 / single critical path (Shen2018 tabu) / zero-copy rollback,1040,1040,OK,13.79,41.11,14.88,
fjsp.hurink.edata-la25.m10j15c3.txt,1M iters / top-K=8 / single critical path (Shen2018 tabu) / zero-copy rollback,1087,1087,OK,13.82,40.89,14.57,
fjsp.hurink.edata-la26.m10j20c3.txt,1M iters / top-K=8 / single critical path (Shen2018 tabu) / zero-copy rollback,1329,1329,OK,14.77,42.34,19.33,
fjsp.hurink.edata-la27.m10j20c3.txt,1M iters / top-K=8 / single critical path (Shen2018 tabu) / zero-copy rollback,1391,1391,OK,13.37,39.65,18.84,
fjsp.hurink.edata-la28.m10j20c3.txt,1M iters / top-K=8 / single critical path (Shen2018 tabu) / zero-copy rollback,1335,1335,OK,13.71,40.53,19.31,
fjsp.hurink.edata-la29.m10j20c3.txt,1M iters / top-K=8 / single critical path (Shen2018 tabu) / zero-copy rollback,1308,1308,OK,13.15,40.41,18.68,
fjsp.hurink.edata-la30.m10j20c3.txt,1M iters / top-K=8 / single critical path (Shen2018 tabu) / zero-copy rollback,1414,1414,OK,12.22,36.36,18.8,
fjsp.hurink.edata-la31.m10j30c3.txt,1M iters / top-K=8 / single critical path (Shen2018 tabu) / zero-copy rollback,1802,1802,OK,14.85,38.03,30.07,
fjsp.hurink.edata-la32.m10j30c3.txt,1M iters / top-K=8 / single critical path (Shen2018 tabu) / zero-copy rollback,1975,1975,OK,15.63,36.6,28.94,
fjsp.hurink.edata-la33.m10j30c2.txt,1M iters / top-K=8 / single critical path (Shen2018 tabu) / zero-copy rollback,1794,1794,OK,13.62,41.89,28.16,
fjsp.hurink.edata-la34.m10j30c3.txt,1M iters / top-K=8 / single critical path (Shen2018 tabu) / zero-copy rollback,1866,1866,OK,13.43,40.27,28.95,
fjsp.hurink.edata-la35.m10j30c2.txt,1M iters / top-K=8 / single critical path (Shen2018 tabu) / zero-copy rollback,1902,1902,OK,9.56,37.27,28.37,
fjsp.hurink.edata-la36.m15j15c3.txt,1M iters / top-K=8 / single critical path (Shen2018 tabu) / zero-copy rollback,1319,1319,OK,9.64,31.98,20.06,
fjsp.hurink.edata-la37.m15j15c3.txt,1M iters / top-K=8 / single critical path (Shen2018 tabu) / zero-copy rollback,1523,1523,OK,9.02,36.06,20.17,
fjsp.hurink.edata-la38.m15j15c3.txt,1M iters / top-K=8 / single critical path (Shen2018 tabu) / zero-copy rollback,1325,1325,OK,12.96,36.42,20.08,
fjsp.hurink.edata-la39.m15j15c3.txt,1M iters / top-K=8 / single critical path (Shen2018 tabu) / zero-copy rollback,1374,1374,OK,12.62,35.46,20.1,
fjsp.hurink.edata-la40.m15j15c3.txt,1M iters / top-K=8 / single critical path (Shen2018 tabu) / zero-copy rollback,1305,1305,OK,11.25,40.41,20.02,
fjsp.hurink.edata-mt06.m6j6c2.txt,1M iters / top-K=8 / single critical path (Shen2018 tabu) / zero-copy rollback,62,62,OK,12.73,21.52,3.43,
fjsp.hurink.edata-mt10.m10j10c2.txt,1M iters / top-K=8 / single critical path (Shen2018 tabu) / zero-copy rollback,1023,1023,OK,12.79,29.74,10.21,
fjsp.hurink.edata-mt20.m5j20c2.txt,1M iters / top-K=8 / single critical path (Shen2018 tabu) / zero-copy rollback,1304,1304,OK,10.7,40.29,11.67,
fjsp.hurink.rdata-la01.m5j10c3.txt,1M iters / top-K=8 / single critical path (Shen2018 tabu) / zero-copy rollback,643,643,OK,12.61,34.72,8.69,
fjsp.hurink.rdata-la02.m5j10c3.txt,1M iters / top-K=8 / single critical path (Shen2018 tabu) / zero-copy rollback,613,613,OK,15.44,31.36,8.9,
fjsp.hurink.rdata-la03.m5j10c3.txt,1M iters / top-K=8 / single critical path (Shen2018 tabu) / zero-copy rollback,544,544,OK,13.1,30.79,8.2,
fjsp.hurink.rdata-la04.m5j10c3.txt,1M iters / top-K=8 / single critical path (Shen2018 tabu) / zero-copy rollback,576,576,OK,14.29,37.86,8.88,
fjsp.hurink.rdata-la05.m5j10c3.txt,1M iters / top-K=8 / single critical path (Shen2018 tabu) / zero-copy rollback,526,526,OK,14.1,40.5,8.41,
fjsp.hurink.rdata-la06.m5j15c3.txt,1M iters / top-K=8 / single critical path (Shen2018 tabu) / zero-copy rollback,883,883,OK,10.38,33.36,11.6,
fjsp.hurink.rdata-la07.m5j15c3.txt,1M iters / top-K=8 / single critical path (Shen2018 tabu) / zero-copy rollback,847,847,OK,12.63,30.12,10.95,
fjsp.hurink.rdata-la08.m5j15c3.txt,1M iters / top-K=8 / single critical path (Shen2018 tabu) / zero-copy rollback,875,875,OK,14.23,30.33,10.79,
fjsp.hurink.rdata-la09.m5j15c3.txt,1M iters / top-K=8 / single critical path (Shen2018 tabu) / zero-copy rollback,936,936,OK,9.6,28.11,12.11,
fjsp.hurink.rdata-la10.m5j15c3.txt,1M iters / top-K=8 / single critical path (Shen2018 tabu) / zero-copy rollback,901,901,OK,11.79,32.96,11.48,
fjsp.hurink.rdata-la11.m5j20c3.txt,1M iters / top-K=8 / single critical path (Shen2018 tabu) / zero-copy rollback,1170,1170,OK,9.24,29.65,17.69,
fjsp.hurink.rdata-la12.m5j20c3.txt,1M iters / top-K=8 / single critical path (Shen2018 tabu) / zero-copy rollback,1043,1043,OK,11.31,25.77,14.96,
fjsp.hurink.rdata-la13.m5j20c3.txt,1M iters / top-K=8 / single critical path (Shen2018 tabu) / zero-copy rollback,1154,1154,OK,11.07,21.55,16.51,
fjsp.hurink.rdata-la14.m5j20c3.txt,1M iters / top-K=8 / single critical path (Shen2018 tabu) / zero-copy rollback,1199,1199,OK,11.95,25.76,16.41,
fjsp.hurink.rdata-la15.m5j20c3.txt,1M iters / top-K=8 / single critical path (Shen2018 tabu) / zero-copy rollback,1233,1233,OK,12.91,22.79,16.51,
fjsp.hurink.rdata-la16.m10j10c3.txt,1M iters / top-K=8 / single critical path (Shen2018 tabu) / zero-copy rollback,777,777,OK,8.37,41.53,10.81,
fjsp.hurink.rdata-la17.m10j10c3.txt,1M iters / top-K=8 / single critical path (Shen2018 tabu) / zero-copy rollback,679,679,OK,5.11,42.51,10.42,
fjsp.hurink.rdata-la18.m10j10c3.txt,1M iters / top-K=8 / single critical path (Shen2018 tabu) / zero-copy rollback,747,747,OK,11.0,42.98,10.83,
fjsp.hurink.rdata-la19.m10j10c3.txt,1M iters / top-K=8 / single critical path (Shen2018 tabu) / zero-copy rollback,778,778,OK,10.67,38.84,10.72,
fjsp.hurink.rdata-la20.m10j10c3.txt,1M iters / top-K=8 / single critical path (Shen2018 tabu) / zero-copy rollback,793,793,OK,4.89,39.28,10.33,
fjsp.hurink.rdata-la21.m10j15c3.txt,1M iters / top-K=8 / single critical path (Shen2018 tabu) / zero-copy rollback,998,998,OK,14.58,44.18,16.46,
fjsp.hurink.rdata-la22.m10j15c3.txt,1M iters / top-K=8 / single critical path (Shen2018 tabu) / zero-copy rollback,917,917,OK,16.37,35.69,16.25,
fjsp.hurink.rdata-la23.m10j15c3.txt,1M iters / top-K=8 / single critical path (Shen2018 tabu) / zero-copy rollback,1004,1004,OK,16.2,37.6,16.53,
fjsp.hurink.rdata-la24.m10j15c3.txt,1M iters / top-K=8 / single critical path (Shen2018 tabu) / zero-copy rollback,959,959,OK,15.54,42.05,16.61,
fjsp.hurink.rdata-la25.m10j15c3.txt,1M iters / top-K=8 / single critical path (Shen2018 tabu) / zero-copy rollback,939,939,OK,16.36,40.15,16.14,
fjsp.hurink.rdata-la26.m10j20c3.txt,1M iters / top-K=8 / single critical path (Shen2018 tabu) / zero-copy rollback,1272,1272,OK,18.11,35.1,21.53,
fjsp.hurink.rdata-la27.m10j20c3.txt,1M iters / top-K=8 / single critical path (Shen2018 tabu) / zero-copy rollback,1275,1275,OK,14.76,40.25,22.04,
fjsp.hurink.rdata-la28.m10j20c3.txt,1M iters / top-K=8 / single critical path (Shen2018 tabu) / zero-copy rollback,1280,1280,OK,16.26,34.86,21.73,
fjsp.hurink.rdata-la29.m10j20c3.txt,1M iters / top-K=8 / single critical path (Shen2018 tabu) / zero-copy rollback,1181,1181,OK,16.82,33.99,22.01,
fjsp.hurink.rdata-la30.m10j20c3.txt,1M iters / top-K=8 / single critical path (Shen2018 tabu) / zero-copy rollback,1276,1276,OK,15.79,35.39,22.04,
fjsp.hurink.rdata-la31.m10j30c3.txt,1M iters / top-K=8 / single critical path (Shen2018 tabu) / zero-copy rollback,1759,1759,OK,14.74,34.92,36.39,
fjsp.hurink.rdata-la32.m10j30c3.txt,1M iters / top-K=8 / single critical path (Shen2018 tabu) / zero-copy rollback,1894,1894,OK,13.62,36.1,43.0,
fjsp.hurink.rdata-la33.m10j30c3.txt,1M iters / top-K=8 / single critical path (Shen2018 tabu) / zero-copy rollback,1726,1726,OK,14.38,34.87,37.05,
fjsp.hurink.rdata-la34.m10j30c3.txt,1M iters / top-K=8 / single critical path (Shen2018 tabu) / zero-copy rollback,1773,1773,OK,14.61,28.88,36.05,
fjsp.hurink.rdata-la35.m10j30c3.txt,1M iters / top-K=8 / single critical path (Shen2018 tabu) / zero-copy rollback,1800,1800,OK,15.46,31.32,37.71,
fjsp.hurink.rdata-la36.m15j15c3.txt,1M iters / top-K=8 / single critical path (Shen2018 tabu) / zero-copy rollback,1222,1222,OK,15.07,40.04,21.35,
fjsp.hurink.rdata-la37.m15j15c3.txt,1M iters / top-K=8 / single critical path (Shen2018 tabu) / zero-copy rollback,1319,1319,OK,15.5,36.83,21.67,
fjsp.hurink.rdata-la38.m15j15c3.txt,1M iters / top-K=8 / single critical path (Shen2018 tabu) / zero-copy rollback,1124,1124,OK,11.51,40.05,21.12,
fjsp.hurink.rdata-la39.m15j15c3.txt,1M iters / top-K=8 / single critical path (Shen2018 tabu) / zero-copy rollback,1198,1198,OK,16.54,33.11,21.0,
fjsp.hurink.rdata-la40.m15j15c3.txt,1M iters / top-K=8 / single critical path (Shen2018 tabu) / zero-copy rollback,1135,1135,OK,12.15,35.18,21.19,
fjsp.hurink.rdata-mt06.m6j6c3.txt,1M iters / top-K=8 / single critical path (Shen2018 tabu) / zero-copy rollback,52,52,OK,10.64,36.59,5.49,
fjsp.hurink.rdata-mt10.m10j10c3.txt,1M iters / top-K=8 / single critical path (Shen2018 tabu) / zero-copy rollback,794,794,OK,13.59,31.79,11.27,
fjsp.hurink.rdata-mt20.m5j20c3.txt,1M iters / top-K=8 / single critical path (Shen2018 tabu) / zero-copy rollback,1145,1145,OK,11.82,37.19,17.35,
fjsp.hurink.vdata-la01.m5j10c5.txt,1M iters / top-K=8 / single critical path (Shen2018 tabu) / zero-copy rollback,635,635,OK,11.01,23.03,8.96,
fjsp.hurink.vdata-la02.m5j10c5.txt,1M iters / top-K=8 / single critical path (Shen2018 tabu) / zero-copy rollback,591,591,OK,11.3,25.1,9.56,
fjsp.hurink.vdata-la03.m5j10c5.txt,1M iters / top-K=8 / single critical path (Shen2018 tabu) / zero-copy rollback,540,540,OK,12.73,28.67,8.47,
fjsp.hurink.vdata-la04.m5j10c4.txt,1M iters / top-K=8 / single critical path (Shen2018 tabu) / zero-copy rollback,553,553,OK,10.16,29.37,8.64,
fjsp.hurink.vdata-la05.m5j10c5.txt,1M iters / top-K=8 / single critical path (Shen2018 tabu) / zero-copy rollback,521,521,OK,13.26,27.84,8.63,
fjsp.hurink.vdata-la06.m5j15c5.txt,1M iters / top-K=8 / single critical path (Shen2018 tabu) / zero-copy rollback,889,889,OK,11.12,23.82,14.47,
fjsp.hurink.vdata-la07.m5j15c5.txt,1M iters / top-K=8 / single critical path (Shen2018 tabu) / zero-copy rollback,837,837,OK,11.45,26.13,13.01,
fjsp.hurink.vdata-la08.m5j15c5.txt,1M iters / top-K=8 / single critical path (Shen2018 tabu) / zero-copy rollback,861,861,OK,12.26,26.72,13.76,
fjsp.hurink.vdata-la09.m5j15c5.txt,1M iters / top-K=8 / single critical path (Shen2018 tabu) / zero-copy rollback,947,947,OK,10.89,21.93,15.79,
fjsp.hurink.vdata-la10.m5j15c5.txt,1M iters / top-K=8 / single critical path (Shen2018 tabu) / zero-copy rollback,899,899,OK,11.68,18.42,14.1,
fjsp.hurink.vdata-la11.m5j20c5.txt,1M iters / top-K=8 / single critical path (Shen2018 tabu) / zero-copy rollback,1171,1171,OK,9.24,17.88,24.14,
fjsp.hurink.vdata-la12.m5j20c5.txt,1M iters / top-K=8 / single critical path (Shen2018 tabu) / zero-copy rollback,1045,1045,OK,11.65,25.3,19.59,
fjsp.hurink.vdata-la13.m5j20c4.txt,1M iters / top-K=8 / single critical path (Shen2018 tabu) / zero-copy rollback,1145,1145,OK,10.2,16.36,19.8,
fjsp.hurink.vdata-la14.m5j20c5.txt,1M iters / top-K=8 / single critical path (Shen2018 tabu) / zero-copy rollback,1194,1194,OK,11.48,25.7,20.18,
fjsp.hurink.vdata-la15.m5j20c5.txt,1M iters / top-K=8 / single critical path (Shen2018 tabu) / zero-copy rollback,1212,1212,OK,11.09,19.89,21.83,
fjsp.hurink.vdata-la16.m10j10c8.txt,1M iters / top-K=8 / single critical path (Shen2018 tabu) / zero-copy rollback,717,717,OK,0.0,21.98,12.79,
fjsp.hurink.vdata-la17.m10j10c9.txt,1M iters / top-K=8 / single critical path (Shen2018 tabu) / zero-copy rollback,646,646,OK,0.0,20.74,12.81,
fjsp.hurink.vdata-la18.m10j10c9.txt,1M iters / top-K=8 / single critical path (Shen2018 tabu) / zero-copy rollback,678,678,OK,2.26,20.05,13.14,
fjsp.hurink.vdata-la19.m10j10c8.txt,1M iters / top-K=8 / single critical path (Shen2018 tabu) / zero-copy rollback,703,703,OK,13.57,10.79,17.28,
fjsp.hurink.vdata-la20.m10j10c8.txt,1M iters / top-K=8 / single critical path (Shen2018 tabu) / zero-copy rollback,756,756,OK,0.0,18.27,12.62,
fjsp.hurink.vdata-la21.m10j15c8.txt,1M iters / top-K=8 / single critical path (Shen2018 tabu) / zero-copy rollback,943,943,OK,14.58,17.93,22.07,
fjsp.hurink.vdata-la22.m10j15c8.txt,1M iters / top-K=8 / single critical path (Shen2018 tabu) / zero-copy rollback,868,868,OK,15.27,18.95,21.96,
fjsp.hurink.vdata-la23.m10j15c8.txt,1M iters / top-K=8 / single critical path (Shen2018 tabu) / zero-copy rollback,956,956,OK,15.32,16.87,20.95,
fjsp.hurink.vdata-la24.m10j15c8.txt,1M iters / top-K=8 / single critical path (Shen2018 tabu) / zero-copy rollback,910,910,OK,15.19,20.45,20.76,
fjsp.hurink.vdata-la25.m10j15c9.txt,1M iters / top-K=8 / single critical path (Shen2018 tabu) / zero-copy rollback,885,885,OK,14.94,20.63,20.83,
fjsp.hurink.vdata-la26.m10j20c9.txt,1M iters / top-K=8 / single critical path (Shen2018 tabu) / zero-copy rollback,1208,1208,OK,13.96,16.98,30.25,
fjsp.hurink.vdata-la27.m10j20c9.txt,1M iters / top-K=8 / single critical path (Shen2018 tabu) / zero-copy rollback,1249,1249,OK,14.17,14.69,31.32,
fjsp.hurink.vdata-la28.m10j20c9.txt,1M iters / top-K=8 / single critical path (Shen2018 tabu) / zero-copy rollback,1237,1237,OK,14.75,15.62,31.76,
fjsp.hurink.vdata-la29.m10j20c9.txt,1M iters / top-K=8 / single critical path (Shen2018 tabu) / zero-copy rollback,1150,1150,OK,15.12,20.08,30.01,
fjsp.hurink.vdata-la30.m10j20c9.txt,1M iters / top-K=8 / single critical path (Shen2018 tabu) / zero-copy rollback,1217,1217,OK,13.42,18.81,33.2,
fjsp.hurink.vdata-la31.m10j30c9.txt,1M iters / top-K=8 / single critical path (Shen2018 tabu) / zero-copy rollback,1741,1741,OK,14.01,14.32,54.28,
fjsp.hurink.vdata-la32.m10j30c9.txt,1M iters / top-K=8 / single critical path (Shen2018 tabu) / zero-copy rollback,1874,1874,OK,12.82,14.23,59.59,
fjsp.hurink.vdata-la33.m10j30c8.txt,1M iters / top-K=8 / single critical path (Shen2018 tabu) / zero-copy rollback,1710,1710,OK,13.92,15.72,53.9,
fjsp.hurink.vdata-la34.m10j30c9.txt,1M iters / top-K=8 / single critical path (Shen2018 tabu) / zero-copy rollback,1736,1736,OK,12.87,15.56,60.0,
fjsp.hurink.vdata-la35.m10j30c9.txt,1M iters / top-K=8 / single critical path (Shen2018 tabu) / zero-copy rollback,1727,1727,OK,11.2,14.46,60.0,
fjsp.hurink.vdata-la36.m15j15c12.txt,1M iters / top-K=8 / single critical path (Shen2018 tabu) / zero-copy rollback,1075,1075,OK,13.4,9.36,27.52,
fjsp.hurink.vdata-la37.m15j15c12.txt,1M iters / top-K=8 / single critical path (Shen2018 tabu) / zero-copy rollback,1125,1125,OK,12.84,10.71,27.96,
fjsp.hurink.vdata-la38.m15j15c12.txt,1M iters / top-K=8 / single critical path (Shen2018 tabu) / zero-copy rollback,1013,1013,OK,7.42,11.53,27.72,
fjsp.hurink.vdata-la39.m15j15c11.txt,1M iters / top-K=8 / single critical path (Shen2018 tabu) / zero-copy rollback,1043,1043,OK,12.27,10.55,27.41,
fjsp.hurink.vdata-la40.m15j15c11.txt,1M iters / top-K=8 / single critical path (Shen2018 tabu) / zero-copy rollback,1035,1035,OK,8.38,11.31,27.12,
fjsp.hurink.vdata-mt06.m6j6c5.txt,1M iters / top-K=8 / single critical path (Shen2018 tabu) / zero-copy rollback,47,47,OK,0.0,34.72,5.58,
fjsp.hurink.vdata-mt10.m10j10c8.txt,1M iters / top-K=8 / single critical path (Shen2018 tabu) / zero-copy rollback,678,678,OK,3.51,19.09,12.3,
fjsp.hurink.vdata-mt20.m5j20c5.txt,1M iters / top-K=8 / single critical path (Shen2018 tabu) / zero-copy rollback,1126,1126,OK,10.18,23.51,25.0,
